{"model_name": "HierarchicalBranchingFactor", "learning_rate": 0.0001, "num_clients": 3, "data_split_proportions": [2317, 19248, 38435], "n_rounds": 2, "max_branching_factor": 3, "client_results": {"Client_0": {"train_loss": [2.2642214670529794, 2.079094781630063], "train_acc": [21.189784053156146, 43.45411129568107], "test_loss": [2.254988279586402, 2.0332497270724263], "test_acc": [23.652156549520768, 46.08626198083067]}, "Client_1": {"train_loss": [2.3066001820237667, 2.2305900332045883], "train_acc": [3.51027397260274, 24.75961538618558], "test_loss": [2.305595466504082, 2.2283308787848624], "test_acc": [4.303115015974441, 26.72723642172524]}, "Client_2": {"train_loss": [2.2197663637246943, 1.7153681050521166], "train_acc": [27.768822795341098, 63.33281336826413], "test_loss": [2.187055917593618, 1.5581215048750368], "test_acc": [29.602635782747605, 62.969249201277954]}}, "aggregator_results": {"Global_Model": {"test_loss": [2.29336452636475, 2.135528209491279], "test_acc": [27.306309904153352, 44.83825878594249]}}}