{"model_name": "HierarchicalBranchingFactor", "learning_rate": 0.0001, "num_clients": 3, "data_split_proportions": [20000, 20000, 20000], "n_rounds": 3, "max_branching_factor": 2, "client_results": {"Client_0": {"train_loss": [2.2956455310821533, 2.2870555839538573, 2.2774202255249025], "train_acc": [14.92, 15.379999999999999, 16.189999999999998], "test_loss": [2.2922012318437472, 2.2832457722185517, 2.2728949522438904], "test_acc": [15.375399361022366, 15.86461661341853, 17.272364217252395]}, "Client_1": {"train_loss": [2.305212474060059, 2.303544661331177, 2.302028996658325], "train_acc": [8.77, 10.24, 12.29], "test_loss": [2.304333329581605, 2.3027705605418536, 2.301313490913318], "test_acc": [9.534744408945688, 11.311900958466452, 13.428514376996805]}, "Client_2": {"train_loss": [2.3011508560180665, 2.2991554500579836, 2.2894801441192625], "train_acc": [6.4799999999999995, 10.305, 10.190000000000001], "test_loss": [2.299477274044634, 2.2952761543444553, 2.2599127604938545], "test_acc": [7.018769968051118, 11.01238019169329, 12.300319488817891]}}, "aggregator_results": {"Aggregator_0": {"test_loss": [2.3024709795991454, 2.3014840394163283, 2.290459547560817], "test_acc": [10.023961661341852, 11.551517571884984, 12.549920127795527]}, "Aggregator_1": {"test_loss": [2.292220209353267, 2.2832098494703397, 2.272867058031856], "test_acc": [15.36541533546326, 15.88458466453674, 17.302316293929714]}, "Global_Model": {"test_loss": [2.3025571591557026, 2.300868707723892, 2.2970450419587447], "test_acc": [15.475239616613418, 14.42691693290735, 15.9944089456869]}}}