{"model_name": "HierarchicalBranchingFactor", "learning_rate": 0.0001, "num_clients": 3, "data_split_proportions": [1500, 19568, 13381, 25551], "n_rounds": 2, "max_branching_factor": 3, "client_results": {"Client_0": {"train_loss": [2.282009513395214, 2.246873659848598], "train_acc": [22.95495226872565, 37.82965394363767], "test_loss": [2.276871793186322, 2.2392437884601923], "test_acc": [24.17132587859425, 40.8047124600639]}, "Client_1": {"train_loss": [2.2871256353808382, 2.242352173608892], "train_acc": [13.219975490196079, 18.918504901960784], "test_loss": [2.2849329767135766, 2.231268458473035], "test_acc": [13.588258785942491, 19.259185303514375]}, "Client_2": {"train_loss": [2.3049309862420913, 2.3039753081950733], "train_acc": [9.137537996185587, 9.33700608129197], "test_loss": [2.304463223527415, 2.3035605822127465], "test_acc": [9.13538338658147, 9.524760383386582]}, "Client_3": {"train_loss": [2.289013426354591, 2.241561757757309], "train_acc": [12.737462019666712, 16.802811559210433], "test_loss": [2.287870953258234, 2.235845493432432], "test_acc": [12.010782747603834, 18.68011182108626]}}, "aggregator_results": {"Aggregator_0": {"test_loss": [2.3004021690295526, 2.2554838543121045], "test_acc": [9.994009584664537, 15.235623003194886]}, "Aggregator_1": {"test_loss": [2.304436391915757, 2.3035326468677946], "test_acc": [9.15535143769968, 9.534744408945688]}, "Global_Model": {"test_loss": [2.3022817689389847, 2.2928380912866073], "test_acc": [10.882587859424921, 15.804712460063897]}}}