{"model_name": "HierarchicalBranchingFactor", "learning_rate": 0.0001, "num_clients": 3, "data_split_proportions": [20000, 20000, 20000], "n_rounds": 3, "max_branching_factor": 2, "client_results": {"Client_0": {"train_loss": [2.294786044692993, 2.2817887317657473, 2.2651980926513673], "train_acc": [12.45, 18.135, 27.445000000000004], "test_loss": [2.291455922416224, 2.277840206798273, 2.259980980199747], "test_acc": [13.817891373801917, 19.88817891373802, 30.251597444089455]}, "Client_1": {"train_loss": [2.2945718074798584, 2.192155569458008, 1.6190205015182495], "train_acc": [14.455000000000002, 33.235, 52.725], "test_loss": [2.2901321021131813, 2.158064727966016, 1.5114738263261205], "test_acc": [17.03274760383387, 35.8426517571885, 55.80071884984026]}, "Client_2": {"train_loss": [2.27751635017395, 2.248370370864868, 2.1981400802612305], "train_acc": [16.37, 27.41, 31.955], "test_loss": [2.271829010960393, 2.2390280516383747, 2.181064945440323], "test_acc": [19.90814696485623, 28.724041533546323, 32.647763578274756]}}, "aggregator_results": {"Aggregator_0": {"test_loss": [2.2986721916320607, 2.2479662476256252, 2.0346846416735422], "test_acc": [11.731230031948883, 32.07867412140575, 49.740415335463254]}, "Aggregator_1": {"test_loss": [2.2718118303500043, 2.2389723972771494, 2.181029775272162], "test_acc": [19.958067092651756, 28.76397763578275, 32.65774760383386]}, "Global_Model": {"test_loss": [2.3018584228552186, 2.2979060788504992, 2.27975129243284], "test_acc": [8.0870607028754, 10.083865814696486, 10.912539936102236]}}}