{"model_name": "HierarchicalBranchingFactor", "learning_rate": 0.0001, "num_clients": 3, "data_split_proportions": [14763, 25751, 19486], "n_rounds": 2, "max_branching_factor": 3, "client_results": {"Client_0": {"train_loss": [2.2855671829991526, 2.203363173967832], "train_acc": [19.419027942341643, 19.34277843603324], "test_loss": [2.281464700119945, 2.182875395582888], "test_acc": [19.918130990415335, 24.161341853035143]}, "Client_1": {"train_loss": [2.2647129612407464, 2.1903877485366094], "train_acc": [18.074370553634438, 28.907361795455948], "test_loss": [2.2570263288272456, 2.1743927009570334], "test_acc": [18.94968051118211, 29.802316293929714]}, "Client_2": {"train_loss": [2.239844901517311, 1.8046447967150197], "train_acc": [36.027714014053345, 57.93512017090128], "test_loss": [2.2159619422766346, 1.6834875170034342], "test_acc": [38.698083067092654, 59.40495207667732]}}, "aggregator_results": {"Global_Model": {"test_loss": [2.287963232674157, 2.135384852893817], "test_acc": [20.43730031948882, 44.95806709265175]}}}