{"model_name": "HierarchicalBranchingFactor", "learning_rate": 0.0001, "num_clients": 3, "data_split_proportions": [20000, 20000, 20000], "n_rounds": 3, "max_branching_factor": 2, "client_results": {"Client_0": {"train_loss": [2.243409167480469, 1.789144196510315, 1.0314335556030274], "train_acc": [22.259999999999998, 55.215, 66.36999999999999], "test_loss": [2.219616956985035, 1.679871588088453, 0.9916737565217307], "test_acc": [31.409744408945688, 58.456469648562305, 67.05271565495208]}, "Client_1": {"train_loss": [2.257808406829834, 2.1975362815856934, 2.096137176513672], "train_acc": [17.349999999999998, 22.035, 44.445], "test_loss": [2.2444712590104854, 2.1775372226398213, 2.0606739124931845], "test_acc": [19.01956869009585, 25.319488817891372, 51.597444089456864]}, "Client_2": {"train_loss": [2.3000408794403078, 2.2808449878692625, 2.2481654315948485], "train_acc": [12.839999999999998, 21.02, 29.69], "test_loss": [2.2955439479206317, 2.2745373888899345, 2.236641159453712], "test_acc": [13.548322683706072, 22.374201277955272, 33.10702875399361]}}, "aggregator_results": {"Aggregator_0": {"test_loss": [2.271050883558231, 2.0601230429384274, 1.5569408987276852], "test_acc": [26.89696485623003, 43.36062300319489, 59.79432907348243]}, "Aggregator_1": {"test_loss": [2.2955390759550345, 2.2745106144073293, 2.2366079895641096], "test_acc": [13.548322683706072, 22.434105431309902, 33.10702875399361]}, "Global_Model": {"test_loss": [2.2964981973361662, 2.262848982034019, 2.167683554152711], "test_acc": [10.842651757188499, 17.31230031948882, 38.87779552715655]}}}