{"model_name": "HierarchicalBranchingFactor", "learning_rate": 0.0001, "num_clients": 3, "data_split_proportions": [20000, 20000, 20000], "n_rounds": 3, "max_branching_factor": 2, "client_results": {"Client_0": {"train_loss": [2.2983945117950437, 2.267628380203247, 1.8511472528457642], "train_acc": [14.979999999999999, 15.0, 46.665], "test_loss": [2.2967221005656087, 2.2600336547095936, 1.765318400943622], "test_acc": [15.38538338658147, 17.85143769968051, 49.23123003194888]}, "Client_1": {"train_loss": [2.2816821170806887, 2.2450432498931883, 2.1793395069122314], "train_acc": [11.834999999999999, 21.51, 34.805], "test_loss": [2.2745797078068644, 2.2331917217364325, 2.1567299678302803], "test_acc": [13.628194888178912, 24.460862619808307, 38.248801916932905]}, "Client_2": {"train_loss": [2.2938579425811767, 2.273348846054077, 2.242383556365967], "train_acc": [10.42, 12.49, 19.75], "test_loss": [2.2891157442769305, 2.2669305687133496, 2.231960586846446], "test_acc": [10.842651757188499, 13.168929712460065, 23.60223642172524]}}, "aggregator_results": {"Aggregator_0": {"test_loss": [2.300710917280886, 2.269136874439617, 2.0641434931526548], "test_acc": [11.890974440894569, 19.349041533546327, 46.34584664536741]}, "Aggregator_1": {"test_loss": [2.2746041133380928, 2.233134048053632, 2.1567209383931023], "test_acc": [13.608226837060702, 24.52076677316294, 38.2388178913738]}, "Global_Model": {"test_loss": [2.2980337051537854, 2.2800244767064104, 2.2095287813546176], "test_acc": [17.06269968051118, 17.701677316293928, 33.93570287539936]}}}