{"model_name": "HierarchicalBranchingFactor", "learning_rate": 0.0001, "num_clients": 3, "data_split_proportions": [20000, 20000, 20000], "n_rounds": 3, "max_branching_factor": 2, "client_results": {"Client_0": {"train_loss": [2.30111688041687, 2.2957448928833006, 2.2897155632019044], "train_acc": [11.31, 15.02, 18.305], "test_loss": [2.299854053856847, 2.2944245589807775, 2.2881941277379045], "test_acc": [12.120607028753994, 15.465255591054314, 18.520367412140576]}, "Client_1": {"train_loss": [2.2989808681488038, 2.2244214691162107, 1.5122177690505982], "train_acc": [18.525, 29.415000000000003, 59.4], "test_loss": [2.2972651221119937, 2.1962971603527617, 1.3967042475843583], "test_acc": [20.287539936102235, 38.98761980830671, 62.689696485623]}, "Client_2": {"train_loss": [2.2948845149993895, 2.262537322998047, 2.2193558406829834], "train_acc": [7.090000000000001, 28.694999999999997, 49.235], "test_loss": [2.2872308237484087, 2.253535819129822, 2.205720388089506], "test_acc": [7.2284345047923315, 35.21365814696485, 52.99520766773163]}}, "aggregator_results": {"Aggregator_0": {"test_loss": [2.3009057821938024, 2.245526034991962, 1.9210475652743453], "test_acc": [8.037140575079873, 33.01717252396166, 61.36182108626198]}, "Aggregator_1": {"test_loss": [2.299856019857973, 2.29440946929371, 2.288180844852338], "test_acc": [12.110623003194888, 15.505191693290735, 18.55031948881789]}, "Global_Model": {"test_loss": [2.299576152246981, 2.291589814633988, 2.2482711895586203], "test_acc": [15.684904153354632, 28.344648562300318, 47.903354632587856]}}}