{"model_name": "CNNModel", "learning_rate": 0.0001, "n_local_models": 2, "data_split_proportions": [30000, 30000], "n_rounds": 1, "n_epochs": 1, "train_time": 22.111001917000976, "global_results": {"train_loss": [], "train_acc": [], "test_loss": [2.301576616665045], "test_acc": [12.060702875399361]}, "local_results": {"0": {"train_loss": [2.3004602425134], "train_acc": [8.978544776119403], "test_loss": [2.2990802278914773], "test_acc": [8.985623003194888]}, "1": {"train_loss": [2.3052723783928193], "train_acc": [7.865804904051172], "test_loss": [2.303288104815986], "test_acc": [8.795926517571885]}}}