{"model_name": "FashionMNISTModel", "learning_rate": 0.0001, "n_local_models": 2, "data_split_proportions": [30000, 30000], "n_rounds": 1, "n_epochs": 1, "train_time": 29.617306625004858, "global_results": {"train_loss": [], "train_acc": [], "test_loss": [2.302377822680976], "test_acc": [14.297124600638977]}, "local_results": {"0": {"train_loss": [2.2997180533561625], "train_acc": [12.586620469083156], "test_loss": [2.2955188088523695], "test_acc": [15.535143769968052]}, "1": {"train_loss": [2.3029073939394595], "train_acc": [11.224013859275054], "test_loss": [2.299632568328906], "test_acc": [12.529952076677317]}}}